{
    "0":
    {
        "fx": 1024,
        "fy": 1024,
        "cx": 512,
        "cy": 512,
        "stream": 2
    },
    "1":
    {
        "fx": 0,
        "fy": 0,
        "cx": 0,
        "cy": 0,
        "stream": 0
    },
    "2":
    {
        "fx": 0,
        "fy": 0,
        "cx": 0,
        "cy": 0,
        "stream": 0
    },
    "3":
    {
        "fx": 0,
        "fy": 0,
        "cx": 0,
        "cy": 0,
        "stream": 0
    },
    "test":
    {
        "fx": 1048.508930,
        "fy": 1046.948683,
        "cx": 594.227767,
        "cy": 366.160094,
        "stream": 1
    }
}