{
    "0":
    {
        "fx": 1024,
        "fy": 1024,
        "cx": 512,
        "cy": 512,
        "stream": 1
    },
    "1":
    {
        "fx": 0,
        "fy": 0,
        "cx": 0,
        "cy": 0,
        "stream": 0
    },
    "2":
    {
        "fx": 0,
        "fy": 0,
        "cx": 0,
        "cy": 0,
        "stream": 0
    },
    "3":
    {
        "fx": 0,
        "fy": 0,
        "cx": 0,
        "cy": 0,
        "stream": 0
    },
    "test":
    {
        "fx": 1048.508930,
        "fy": 1046.948683,
        "cx": 594.227767,
        "cy": 366.160094,
        "stream": 0
    },
    "comp":
    {
        "cam_matrix":[  [388.15117437,   0,         312.39660516],
                        [  0,         390.10625044, 251.06836451],
                        [  0,           0,           1        ]],
        "fx": 388.15117437,
        "fy": 390.10625044,
        "cx": 312.39660516,
        "cy": 251.06836451,
        "dist": [ 0.04655973, -0.09449239,  0.00077834, -0.01267235,  0.03962933],
        "stream": 0,
        "height": 480,
        "width": 640
    }
}