{
    "0":
    {
        "fx": 1024,
        "fy": 1024,
        "cx": 512,
        "cy": 512,
        "stream": 1
    },
    "1":
    {
        "fx": 0,
        "fy": 0,
        "cx": 0,
        "cy": 0,
        "stream": 0
    },
    "2":
    {
        "fx": 0,
        "fy": 0,
        "cx": 0,
        "cy": 0,
        "stream": 0
    },
    "3":
    {
        "fx": 0,
        "fy": 0,
        "cx": 0,
        "cy": 0,
        "stream": 0
    },
    "test":
    {
        "cam_matrix":[[1.54419470e+03, 0.00000000e+00, 8.84984434e+02],
                    [0.00000000e+00, 1.54531997e+03, 4.64300027e+02],
                    [0.00000000e+00, 0.00000000e+00, 1.00000000e+00]],
        "fx": 1.54419470e+03,
        "fy": 1.54531997e+03,
        "cx": 8.84984434e+02,
        "cy": 4.64300027e+02,
        "dist": [ 0.16708632, -0.3738976,  -0.03174929,  0.00226898,  0.3350204 ],
        "stream": 1,
        "height": 1080,
        "width": 1920
    },
    "comp":
    {
        "cam_matrix":[  [388.15117437,   0,         312.39660516],
                        [  0,         390.10625044, 251.06836451],
                        [  0,           0,           1        ]],
        "fx": 388.15117437,
        "fy": 390.10625044,
        "cx": 312.39660516,
        "cy": 251.06836451,
        "dist": [ 0.04655973, -0.09449239,  0.00077834, -0.01267235,  0.03962933],
        "stream": 0,
        "height": 480,
        "width": 640
    },
    "cyber":
    {
        "cam_matrix":   [[1435.75493,    0     ,  625.82551],
                        [0     , 1437.34288,  431.02115],
                        [0     ,    0     ,    1     ]],
        "fx": 1435.75493,
        "fy": 1437.34288,
        "cx": 625.82551,
        "cy": 431.02115,
        "dist": [-0.707440, 0.660623, -0.006213, -0.001450, 0.000000],
        "stream": 1,
        "height": 720,
        "width": 1280
    }
}