{
    "dev":
    {
        "is_device_pi":true
    },
    "storage":
    {
        "store_data": true,
        "location": "/rec/"
    },
    "0":
    {
        "fx": 1024,
        "fy": 1024,
        "cx": 512,
        "cy": 512,
        "stream": 1
    },
    "1":
    {
        "fx": 0,
        "fy": 0,
        "cx": 0,
        "cy": 0,
        "stream": 0
    },
    "2":
    {
        "fx": 0,
        "fy": 0,
        "cx": 0,
        "cy": 0,
        "stream": 0
    },
    "3":
    {
        "fx": 0,
        "fy": 0,
        "cx": 0,
        "cy": 0,
        "stream": 0
    },
    "test":
    {
        "cam_matrix":[[1.54419470e+03, 0.00000000e+00, 8.84984434e+02],
                    [0.00000000e+00, 1.54531997e+03, 4.64300027e+02],
                    [0.00000000e+00, 0.00000000e+00, 1.00000000e+00]],
        "dist": [ 0.16708632, -0.3738976,  -0.03174929,  0.00226898,  0.3350204 ],
        "stream": "3-2:1.0",
        "height": 1080,
        "width": 1920
    },
    "comp":
    {
        "cam_matrix":[  [388.15117437,   0,         312.39660516],
                        [  0,         390.10625044, 251.06836451],
                        [  0,           0,           1        ]],
        "dist": [ 0.04655973, -0.09449239,  0.00077834, -0.01267235,  0.03962933],
        "stream": 0,
        "height": 480,
        "width": 640
    },
    "fr":
    {
        "cam_matrix":   [[1.03445524e+03, 0.00000000e+00, 6.24275281e+02],
                        [0.00000000e+00, 1.03250754e+03, 3.50366615e+02],
                        [0.00000000e+00, 0.00000000e+00, 1.00000000e+00]],
        "dist": [-7.21174895e-02,  3.43821528e-01,  6.75497718e-04, -1.68517679e-04,-4.58141569e-01],
        "stream": "3-2:1.0",
        "height": 720,
        "width": 1280
    },
    "fl":
    {
        "cam_matrix":   [[1.03980893e+03, 0.00000000e+00, 6.22165837e+02],
                        [0.00000000e+00, 1.04001640e+03, 4.07022905e+02],
                        [0.00000000e+00, 0.00000000e+00, 1.00000000e+00]],
        "dist": [-5.89711950e-02,  2.75396260e-01,  2.29372464e-04, -5.84271357e-04, -3.31486901e-01],
        "stream": "1-2:1.0",
        "height": 720,
        "width": 1280
    },
    "computer":
    {
        "cam_matrix":   [[1.03980893e+03, 0.00000000e+00, 6.22165837e+02],
                        [0.00000000e+00, 1.04001640e+03, 4.07022905e+02],
                        [0.00000000e+00, 0.00000000e+00, 1.00000000e+00]],
        "dist": [-5.89711950e-02,  2.75396260e-01,  2.29372464e-04, -5.84271357e-04, -3.31486901e-01],
        "stream": "1-2:1.0",
        "height": 720,
        "width": 1280
    }
}